,,timestamp,tweet
38,jennablan,2020-18-01 21:29:59,"RT @charliebilello: For the first time ever there are 3 trillion-dollar companies in the US: Apple, Microsoft, and Google. 

At $924 billio‚Ä¶"
100,jennablan,2020-17-01 13:41:46,RT @ReformedBroker: Google is not a tech stock. It‚Äôs Communications Services. The index company said so.
113,jennablan,2020-17-01 12:38:57,"RT @carlquintanilla: Earnings next week:

UBS
IBM
Netflix
Capital One
United Air
Abbott
J&amp;J
Texas Inst.
Comcast
P&amp;G
Union Pacific
American‚Ä¶"
139,jennablan,2020-16-01 15:19:39,Amazon‚Äôs Bezos and his top lieutenants aimed for $1 billion in incentives on top of lures for HQ2 https://t.co/g2LmmNRp6j via @WSJ
154,jennablan,2020-16-01 13:19:54,RT @ABC7NY: Ben &amp; Jerry's unveils new binge-worthy flavor called 'Netflix &amp; Chilll'd' https://t.co/bFJc9USUU0 https://t.co/JpWt1S6lYG
163,jennablan,2020-16-01 01:33:30,RT @HayekAndKeynes: Apple &amp; Microsoft earnings in two weeks (28th/29th) will be some of the more important idiosyncratic data points for ma‚Ä¶
196,jennablan,2020-15-01 02:08:01,Trump criticizes Apple's encryption stance on Pensacola phones https://t.co/ZnSosJL1hQ
249,jennablan,2020-13-01 20:50:27,RT @Hipster_Trader: Apple since December 2009 https://t.co/65P5SrjIog
308,jennablan,11/1/2020,Amazon boss Bezos to face protests from traders during India trip https://t.co/dGLQFMNl6D
328,jennablan,10/1/2020,"RT @tpetruno: Stocks hitting new 52-wk highs today are a pretty diverse list ‚Äî not just techs. A sampling:

Allstate $ALL
Apple $AAPL
BestB‚Ä¶"
333,jennablan,10/1/2020,"RT @michaelsantoli: Apple's massive ramp, entirely on expanding valuation, has taken its free-cashflow yield all the way down to...the exac‚Ä¶"
368,jennablan,10/1/2020,Facebook's Zuckerberg drops annual challenges to focus on longer-term goals https://t.co/RDgsnm4fAs
393,jennablan,9/1/2020,"Wall Street hits record high on trade optimism, FAANG rally https://t.co/o8laWXyGw5"
405,jennablan,9/1/2020,"RT @MarketCrumbs: On this day in 2007, Apple CEO Steve Jobs said ‚ÄúToday, Apple is going to reinvent the phone‚Äù as he introduces the iPhone‚Ä¶"
456,jennablan,8/1/2020,"RT @OpenOutcrier: $AAPL (+0.1% pre) Apple's news service reaches 100 million users, App Store sales expand - Reuters

https://t.co/VUqOXEw3‚Ä¶"
505,jennablan,7/1/2020,"RT @jacknicas: NEW: Sonos is suing Google.

The home-speaker maker says Google and Amazon stole its technology and abused their power to sq‚Ä¶"
535,jennablan,6/1/2020,Amazon to showcase its transportation drive at world's largest tech show https://t.co/bcagTDV8WN
586,jennablan,3/1/2020,"RT @bespokeinvest: The move higher for FAANG stocks over the past few months has sent their combined market cap near $4.0 trillion.  
Read‚Ä¶"
630,jennablan,1/1/2020,RT @amolrajan: @BBCRadio4 @HooperRJ @PaulMurphyX @BBCSounds @netflix @RobertIger @RonanFarrow @mega2e @jodikantor @GuidoFawkes 8/ When @lio‚Ä¶
671,jennablan,2019-30-12 02:47:38,@Hipster_Trader @netflix I have the outline in my head. I‚Äôm ready. 2020.
698,jennablan,2019-26-12 18:04:15,"RT @JonErlichman: Some of Shaq‚Äôs investments:

*Google (pre-IPO)
*Apple
*Twitter
*Uber
*Lyft
*Ring (Amazon bought for $1 billion)
*PepsiCo‚Ä¶"
710,jennablan,2019-25-12 17:45:10,@KASDad My uncle is still holding Apple shares
724,jennablan,2019-23-12 17:08:27,RT @michaelbatnick: Apple has gained more than half a trillion dollars in market cap this year. https://t.co/maLjoBhUwh
743,jennablan,2019-22-12 19:49:05,@KASDad My Uncle George talks about Apple at every Christmas party. Can‚Äôt wait to see if he‚Äôs selling some at these‚Ä¶ https://t.co/RA7gACIf2P
755,jennablan,2019-22-12 04:49:37,RT @frankpallotta: Dave Chapelle joins in and says that half of Netflix‚Äôs budget is on stage for ‚ÄúSNL.‚Äù https://t.co/unKyKUxaGH
808,jennablan,2019-20-12 12:19:31,@NorthmanTrader Fun to Google search https://t.co/xylcWQezd1 + bubble burst case study
901,jennablan,2019-17-12 13:59:46,"RT @OpenOutcrier: $AAPL (+0.0% pre) Apple's (AAPL) China iPhone Sales Estimated to be Down 30% in November - Rosenblatt

https://t.co/bGH3W‚Ä¶"
903,jennablan,2019-17-12 13:39:01,"RT @FinancialTimes: The lawsuit against Apple, Google, Microsoft, Dell and Tesla is the first to target tech companies over sourcing of cob‚Ä¶"
915,jennablan,2019-17-12 03:15:52,"RT @ianbremmer: Market capitalization of major tech companies
 
Jan 1, 2010:
Amazon $60bn
Facebook $104bn (went public in May 2012)
Apple $‚Ä¶"
956,jennablan,2019-14-12 16:56:10,RT @bespokeinvest: Berkshire made about $30 billion on its stake in Apple this year which is equal to about 60% of Berkshire's entire marke‚Ä¶
1004,jennablan,2019-13-12 16:22:02,Back in the Big Apple üçé Got stopped several times in the airports about these ...... #HotXmasItem #ThankYouLondon https://t.co/0fOUiy1ZgI
1024,jennablan,12/12/2019,"RT @NorbertElekes: World's largest company by market cap

2019: Saudi Aramco
2018: Apple
2017: Apple
2016: Apple
2015: Apple
2014: Apple
20‚Ä¶"
1043,jennablan,11/12/2019,RT @charliebilello: Saudi Aramco displaces Apple as the largest public company in the world... https://t.co/rYbaxqmpHm
1051,jennablan,11/12/2019,RT @Hadas_Gold: Facebook confirms that a bug caused ads to disappear from its political ad library (meant to allow you to see who bought wh‚Ä¶
1095,jennablan,10/12/2019,"RT @mbrookerhk: Google searches for the word 'recession' have dwindled dramatically. Those who remember 2008 should not be reassured, @john‚Ä¶"
1098,jennablan,9/12/2019,RT @FinancialTimes: Amazon is suing the Trump administration claiming the US government denied the company a $10bn defence contract due to‚Ä¶
1139,jennablan,7/12/2019,Amazon CEO says wants to work more with Pentagon https://t.co/EoSFPHhESA
1145,jennablan,7/12/2019,"RT @NYTMetro: Amazon said that it would lease office space in Midtown Manhattan for more than 1,500 employees, increasing its presence in N‚Ä¶"
1212,jennablan,4/12/2019,"RT @FinancialTimes: Larry Page and Sergey Brin's exit from Google came without warning, and at a time when the company is under considerabl‚Ä¶"
1263,jennablan,2019-30-11 18:32:12,"RT @THR: 'At this time of crisis for the Amazon, I support the people of Brazil working to save their natural and cultural heritage,' Leona‚Ä¶"
1264,jennablan,2019-30-11 15:53:00,Apple 'taking a deeper look' at map policies after calling Crimea part of Russia via ‚Å¶@StephenNellis‚Å©  https://t.co/ps10bCgDoP
1287,jennablan,2019-29-11 17:49:26,"RT @JonErlichman: Things that didn‚Äôt exist on Thanksgiving 10 years ago:

iPad
Instagram
Snapchat
Pinterest
Messenger
Apple Maps
Uber Eats‚Ä¶"
1382,jennablan,2019-25-11 22:19:27,Google told staff it fired four employees for what the company called ‚Äúclear and repeated violations‚Äù of its data-s‚Ä¶ https://t.co/kSl5Wt8Bgn
1434,jennablan,2019-23-11 20:01:49,A senior official singled out a Facebook employee embedded with the Trump campaign as an ‚ÄúMVP.‚Äù Now James Barnes is‚Ä¶ https://t.co/grJtApORVm
1534,jennablan,2019-20-11 13:31:19,"Factbox: 'To Tim': Trump's tweets to Apple CEO Cook on factories, iPhones https://t.co/LMP9i0WKwf"
1536,jennablan,2019-20-11 13:15:41,RT @tim_cook: The construction of our new Austin campus is underway and the assembly line for Mac Pro is up and running! Building Apple‚Äôs m‚Ä¶
1559,jennablan,2019-19-11 14:29:13,"RT @scheplick: No big deal.

Apple just up more than 50,000% since its IPO in the 80s. It's at new all-time highs again today. https://t.co‚Ä¶"
1622,jennablan,2019-16-11 16:12:41,Climate activists protest at Blackrock over investments in the Amazon https://t.co/HBRJjaAcrL
1642,jennablan,2019-15-11 15:59:56,"RT @KirstenGrind: Google, the gatekeeper of the internet, wants you to believe its algorithms are autonomous and objective. They're not. Re‚Ä¶"
1649,jennablan,2019-15-11 13:11:40,Apple could raise annual ad income to $11 billion by 2025: JPMorgan https://t.co/PH2wHjZ7Gr
1652,jennablan,2019-14-11 21:53:00,"RT @tpetruno: Apple $AAPL and Microsoft $MSFT both hit new all-time highs in trading Thurs. Apple still holds market-value crown, $1.187 tr‚Ä¶"
1680,jennablan,2019-13-11 16:21:47,"RT @scheplick: I keep looking at this chart of Apple.

All-time highs *again* today. But by no means was it easy. It suffered a 40% correct‚Ä¶"
1688,jennablan,2019-13-11 13:15:52,Next in Google‚Äôs Quest for Consumer Dominance‚ÄîBanking https://t.co/pbGHqLrgZh via @WSJ
1697,jennablan,12/11/2019,"RT @FinancialTimes: Opinion: If we do not want Facebook to run financial markets, it should not be allowed to create a global digital curre‚Ä¶"
1717,jennablan,12/11/2019,"RT @Reuters: Apple launched its titanium credit card in August, in partnership with Goldman Sachs. It appears to have had a rocky start how‚Ä¶"
1721,jennablan,12/11/2019,Google‚Äôs ‚ÄúProject Nightingale‚Äù gathers personal health data on millions of Americans  https://t.co/LJNoYbPRgv via @WSJ
1732,jennablan,11/11/2019,"RT @tim_cook: 'Never was so much owed by so many to so few.' ‚Äî Winston Churchill. To the Veterans in my family, at Apple, and all around th‚Ä¶"
1914,jennablan,4/11/2019,Apple pledges $2.5 billion to fight California housing crisis via ‚Å¶@StephenNellis‚Å©  https://t.co/CfZqdI4h90
1954,jennablan,2/11/2019,"* 02-Nov-2019 08:04:13 AM - BERKSHIRE HATHAWAY -  INVESTMENT IN APPLE INC TOTALED $57.0 BLN AS OF SEPTEMBER 30, 201‚Ä¶ https://t.co/Ar7duZtwhp"
1981,jennablan,2019-31-10 14:42:26,"RT @FinancialTimes: The world‚Äôs largest, most liquid public equity market ‚Äî which has provided capital to the likes of Google, Amazon and F‚Ä¶"
1982,jennablan,2019-31-10 13:48:01,Twitter bans political ads; Facebook's Zuckerberg defends them via ‚Å¶@trhunnicutt‚Å©  https://t.co/0kQMrOHCFK
1985,jennablan,2019-31-10 13:24:08,"Price cuts, iPhone 11 timing drive Apple's uncertain China rebound: analysts https://t.co/XZFSmg2DtU"
2003,jennablan,2019-31-10 00:00:15,"RT @lionelbarber: Big Twitter move.  Over to you, Facebook? https://t.co/ro0d3YWNOO"
2021,jennablan,2019-30-10 12:37:44,"Apple CEO's handling of trade war has helped buoy shares, investors say via ‚Å¶@StephenNellis‚Å©  https://t.co/Trk4xMMukd"
2071,jennablan,2019-28-10 21:37:18,Amazon could challenge loss of $10 billion Pentagon cloud deal as early as next week via ‚Å¶@nanditab1‚Å©  https://t.co/0hqA3c67dn
2077,jennablan,2019-28-10 15:55:55,Exclusive: Google owner Alphabet in bid to buy Fitbit - sources https://t.co/cCUAEh86hC via @GregRoumeliotis @peard33
2107,jennablan,2019-27-10 20:04:28,RT @FinancialTimes: Fact-checking Facebook‚Äôs fantasies https://t.co/0BUgAaVQo3
2146,jennablan,2019-26-10 12:48:17,"RT @michaelbatnick: If you shorted $10,000 of Amazon at the IPO, you'd have $0.0035 today. https://t.co/2Y2y4s9e2W"
2151,jennablan,2019-25-10 21:49:03,"RT @tpetruno: Running away with it: Market value gap widens between top two (Apple + Microsoft) and rest of list:

$AAPL $1.11 trillion
$MS‚Ä¶"
2162,jennablan,2019-25-10 12:44:57,"RT @OpenOutcrier: $AMZN (-6.1% pre) Amazon clobbered after a miss on the bottom line and soft guidance - CNBC

https://t.co/dCkhkQ1OTj"
2183,jennablan,2019-24-10 22:02:19,"RT @Hipster_Trader: ‚ÄúAlexa, how are Amazon‚Äôs earnings?‚Äù

....

‚ÄúAlexa, hello?‚Äù"
2248,jennablan,2019-23-10 14:06:48,RT @Reuters: Facebook's Zuckerberg testifies before the U.S. House panel https://t.co/CbJTba88e2
2261,jennablan,2019-23-10 12:03:43,Zuckerberg faces grilling on Facebook's ambitious digital currency plans https://t.co/vu1Ju90Eif
2277,jennablan,2019-22-10 19:12:57,Zuckerberg admits Facebook in a poor position to promote Libra https://t.co/f9dnnou4hk via @financialtimes
2288,jennablan,2019-22-10 13:12:49,Facebook is the world‚Äôs most powerful adolescent https://t.co/KmQ6dm22Lc via @financialtimes
2292,jennablan,2019-22-10 12:36:24,@Hipster_Trader This is better than Netflix #WallStreet
2314,jennablan,2019-21-10 14:23:06,@Hipster_Trader Let‚Äôs do it cc @netflix
2339,jennablan,2019-21-10 11:16:46,"RT @chigrl: Guess $AAPL is not leaving China anytime soon &gt;Apple CEO Tim Cook joins board at China's top university
https://t.co/qKuUiuaiJ2"
2360,jennablan,2019-17-10 23:31:12,RT @FinancialTimes: Mark Zuckerberg says Facebook will not censor politicians https://t.co/XbyQ4CGken
2385,jennablan,2019-17-10 03:33:02,"RT @Bagehots: ‚ÄúFacebook IS a publisher.‚Äù Marc ‚Å¶@Benioff‚Å© is off to a strong start, in conversation with ‚Å¶@nytimes‚Å© Deputy Managing Editor ‚Å¶‚Ä¶"
2389,jennablan,2019-16-10 21:53:18,‚ÄúWe‚Äôre going to change the world.‚Äù Facebook had big plans for its new cryptocurrency. Now they‚Äôre in tatters.‚Ä¶ https://t.co/djDF399907
2493,jennablan,11/10/2019,"RT @tpetruno: A tie at the top! The five biggest stocks by market value (Yahoo data):

Apple $AAPL $1.067 trillion
Microsoft $MSFT $1.067 t‚Ä¶"
2495,jennablan,11/10/2019,"RT @GreekFire23: APPLE SHARES SET INTRADAY RECORD HIGH ABOVE $233.47. I‚Äôm up 41% since I bought Apple stock earlier this year, not bad for‚Ä¶"
2520,jennablan,10/10/2019,"RT @tpetruno: Apple $AAPL on verge of new all-time high. Shares +$3.06, +1.4% to $230.09. Peak was $232.07 on Oct. 3, 2018. Current mkt val‚Ä¶"
2542,jennablan,10/10/2019,"RT @FinancialTimes: Apple has removed a mapping application from its App Store that was used by Hong Kong protesters, which crowdsources re‚Ä¶"
2561,jennablan,9/10/2019,"A Senate investigation of Russia‚Äôs social-media influence criticized U.S. tech giants, with new attention on Google‚Ä¶ https://t.co/Ive80mYkjM"
2640,jennablan,5/10/2019,RT @FinancialTimes: Faangs lose their bite as investors opt for safer stocks https://t.co/KoTnVmiucA
2659,jennablan,4/10/2019,Apple raises iPhone 11 production by about 10%: Nikkei https://t.co/N58xMiQ2la
2689,jennablan,3/10/2019,"RT @FinancialTimes: PayPal is about to quit Facebook‚Äôs Libra project, said people familiar with the matter. All backers of Facebook‚Äôs digit‚Ä¶"
2741,jennablan,2019-22-09 03:01:55,RT @BillGates: The docuseries about my life and work is out today. I hope you‚Äôll check it out on @netflix ‚Äî and then read some of the stori‚Ä¶
2790,jennablan,2019-18-09 01:15:54,New Zealand to be Middle-earth again in Amazon's The Lord of the Rings series https://t.co/nNRT5OLDMl
2833,jennablan,2019-16-09 18:48:50,"Amazon changed its powerful search system in a way that boosts the company‚Äôs own products, a move opposed by its ow‚Ä¶ https://t.co/NC8zTnxVl0"
2916,jennablan,11/9/2019,"RT @ReformedBroker: Apple unveils new $6,000 Tariff Phone"
2933,jennablan,10/9/2019,"Apple reveals triple-camera iPhone, undercuts Disney streaming TV price via ‚Å¶@StephenNellis‚Å© ‚Å¶@randewich‚Å©  https://t.co/5JblMZCg0s"
2955,jennablan,10/9/2019,Apple to reveal streaming service prices while iPhones on 'holding pattern' until 5G via ‚Å¶@StephenNellis‚Å©  https://t.co/XoOtTBv4hN
2996,jennablan,6/9/2019,Amazon's 'Jack Ryan' TV series lambasted for promoting Venezuela 'invasion' https://t.co/dYlBRngdgx
3032,jennablan,5/9/2019,Apple places $7 billion in return to bond market https://t.co/HrhjhFQMLV
3047,jennablan,4/9/2019,F.T.C. Fines Google $170 Million for Violating Children‚Äôs Privacy on YouTube https://t.co/J4sk7NRn3H
3064,jennablan,2019-29-08 14:01:46,Apple to supply parts to independent repair shops for first time via ‚Å¶@StephenNellis‚Å©  https://t.co/rflK2EnnQq
3067,jennablan,2019-29-08 13:53:16,Exclusive: India to woo foreign firms like Apple to capitalize on U.S.-China trade war https://t.co/wWYd8HCvEJ
3072,jennablan,2019-28-08 21:48:11,"Brazil announces South American meeting on Amazon, takes Chile's help https://t.co/fI0JzPwjW5"
3077,jennablan,2019-28-08 20:33:52,Fitbit unveils Versa 2 smartwatch with Amazon Alexa https://t.co/lRChWxVTm7
3078,jennablan,2019-28-08 20:31:32,Apple's data shows a deepening dependence on China as Trump's tariffs loom via ‚Å¶@StephenNellis‚Å©  https://t.co/3LwAWOfJDl
3083,jennablan,2019-27-08 13:16:07,Brazil may accept G7 Amazon aid if France's Macron withdraws 'insults': Bolsonaro https://t.co/hP5x42sUM3
3086,jennablan,2019-27-08 12:10:15,Brazil to reject G7 offer of aid to fight Amazon fires: G1  https://t.co/l8PF9R02G4
45,justinaknope,8/1/2020,"Love that this is a headline: 

Ghosn Denies He Has Political Aims or a Netflix Deal"
99,justinaknope,2019-13-12 12:39:33,Lulu Wang is directing an Amazon series about a group of expats in Hong Kong starring Nicole Kidman (based on the n‚Ä¶ https://t.co/EPpq3kl6G5
159,justinaknope,2019-13-11 12:31:39,"Next in Google's Quest for Consumer Dominance -- Banking 

'The project, code-named Cache, is expected to launch ne‚Ä¶ https://t.co/0VeZnCZSJn"
425,justinaknope,2019-18-07 15:03:41,Stranger Things is the New Black of let's-shoehorn-a-cool-pop-culture-reference-into-our-Netflix-earnings-commentary
524,justinaknope,2019-16-06 18:37:27,This @appledaily_hk drone video of the #HongKongProtests against the #extraditionbill is absolutely stunning. This‚Ä¶ https://t.co/oJmDrzKFxr
591,justinaknope,2019-30-05 19:25:22,"(As usual used Google to check spelling, but I mention her so much in the context of dream Sally Rooney casting tha‚Ä¶ https://t.co/r3F8iMgboz"
363,DMartinoBooth,2020-17-01 13:57:39,"RT @Schuldensuehner: #Google hit $1tn mkt cap. Big companies have never dominated the S&amp;P 500 like they do now. Top5 #Apple, #Microsoft, Go‚Ä¶"
377,DMartinoBooth,2020-16-01 22:49:03,"RT @Schuldensuehner: #Google‚Äôs parent, Alphabet, joins $1tn market cap club that includes Apple and Microsoft. Amazon was also worth a tril‚Ä¶"
639,DMartinoBooth,2020-13-01 21:29:07,"RT @4Awesometweet: Market Recap: 

China not a currency manipulator
Stocks New Highs (ü¶û)
Led by Apple +$6
Apple stylus (iPen) is greatest t‚Ä¶"
661,DMartinoBooth,2020-13-01 17:13:15,"Take a moment to read the fine print. Then Google: ‚Äúherding‚Äù

‚Å¶@Quillintel‚Å© 

‚Å¶@SoberLook‚Å© https://t.co/c6B09wPubu"
685,DMartinoBooth,2020-13-01 15:58:44,RT @Schuldensuehner: #Alphabet on the brink of joining the $1tn club: #Google‚Äôs sales growth is as fast as a decade ago due to comp's succe‚Ä¶
860,DMartinoBooth,9/1/2020,RT @Schuldensuehner: #Apple hit fresh ATH at $309 on optimism for a strong end to 2019. #Microsoft w/new high as well at $162. Combined mkt‚Ä¶
1278,DMartinoBooth,5/1/2020,@a2bmedia2012 @gamesblazer06 @KeithMcCullough @Hedgeye Google GDP math as it pertains to imports. Collapsing import‚Ä¶ https://t.co/zAfnjyuXUY
18,SteveMatthews12,2020-18-01 00:06:19,@WaitCapital @Joe_FoxNM Facebook is a monopoly in social media? Apple is a monopoly in smartphones? Really?
92,SteveMatthews13,7/1/2020,"Is Facebook (or Twitter) worth $50 a month? If you added that to GDP, you could add 0.11 points to growth.

That's‚Ä¶ https://t.co/fSE16dvGU3"
695,SteveMatthews14,2019-28-10 16:18:14,"VAMMO is the new FAANG 
https://t.co/AsG8O2lAyG via @bopinion @business $V $AAPL $MSFT $MA $ORCL"
848,SteveMatthews15,2019-13-10 15:03:37,@ewarren I don‚Äôt think the news media should broadcast lies and I don‚Äôt think Facebook should either. If an ad is u‚Ä¶ https://t.co/VI1QXzNi3J
988,SteveMatthews16,2019-29-09 14:25:56,"@DeanBaker13 Fair enough, no doubt that‚Äôs true. I guess it benefited other online retailers as well, but Amazon seems to dominate."
990,SteveMatthews17,2019-29-09 13:35:48,@DeanBaker13 Amazon collects a sales tax from its customers like other retailers.
1128,SteveMatthews18,2019-16-09 21:16:48,@DeanBaker13 Exactly right. No one has a problem with a CEO founder who creates enormous wealth‚Äîsay Apple or Micros‚Ä¶ https://t.co/J6P35JEscE
1373,SteveMatthews19,2019-27-08 20:42:37,"@vixcontango OTOH, there has been a winner-take-all theme for the large caps like Amazon or Google-- big companies‚Ä¶ https://t.co/DxGJc6juNF"
1416,SteveMatthews20,2019-25-08 22:27:22,Amazon and Microsoft are among the companies that have arguably most benefitted from market dominance. https://t.co/TtdhTmiS2o
1437,SteveMatthews21,2019-23-08 17:49:51,"@owenrumney @TheStalwart @BBCNews Roraima, Acre, Rond√¥nia and Amazonas all saw a large percentage increase in fires‚Ä¶ https://t.co/VzmgXPdgN9"
1480,SteveMatthews22,2019-20-08 13:33:20,"RT @LJKawa: .@RenMacLLC's Dutta:

Google searches for 'recession' are spiking.

Searches for 'unemployment benefits' aren't.

'In mid-2008,‚Ä¶"
1684,SteveMatthews23,4/8/2019,"Excellent question, @amazon ? https://t.co/W2yVzCUymx"
1775,SteveMatthews24,2019-17-07 17:26:50,@LJKawa @taralach Apple was Steve Jobs' favorite fruit ... he sometimes eat apples only for weeks at a time... seem‚Ä¶ https://t.co/Z1EBzjXjWA
1891,SteveMatthews25,5/7/2019,"@MattBaume Oklahoma City has a gay resort with lots of LGBT bars, worth checking out. Google Oklahoma City gay reso‚Ä¶ https://t.co/tFfyX8bHOS"
2179,SteveMatthews26,10/6/2019,"FANG is so 2018. What the world needs  now is a BANG index. Bye Facebook, hello Beyond Meat. $BYND https://t.co/OS2BgSS2i0"
2338,SteveMatthews27,2019-30-05 13:56:09,. @Disney joins @netflix in considering leaving Georgia if the state law prohibiting abortion at around 6 weeks tak‚Ä¶ https://t.co/uUy7CbRdl4
2365,SteveMatthews28,2019-28-05 12:46:26,@conorsen Facebook's cooperation with the Russian interference in the election and now its refusal to remove the fa‚Ä¶ https://t.co/9DY4CmqBGo
2396,SteveMatthews29,2019-23-05 14:21:13,"If Bajari is correct and companies like Amazon are regularly lowering quality adjusted prices, the implication is t‚Ä¶ https://t.co/7ML2mEWZMO"
2397,SteveMatthews30,2019-23-05 14:08:52,"Quality adjusted prices generally fall over time, Amazon Chief Economist Patrick Bajari says @DallasFed conference‚Ä¶ https://t.co/1SAd9uCn3e"
2493,SteveMatthews31,2019-13-05 12:59:25,@cabaum1 @amazon I DID think about printing it out ... but yeah seems like binding is needed... it's $9 I think (fr‚Ä¶ https://t.co/5qGvjkrZKy
2495,SteveMatthews32,2019-13-05 12:42:52,"Belatedly ordered a copy of the #MuellerReport on @Amazon I kind of know all the spoilers, but seems like a good id‚Ä¶ https://t.co/zuW6ijup2X"
2942,SteveMatthews33,2019-16-02 21:09:00,@TheStalwart I‚Äôm surprised the Amazon decision hasn‚Äôt generated more discussion of some national ban on local tax g‚Ä¶ https://t.co/4r7BX3QHxM
2947,SteveMatthews34,2019-15-02 15:12:49,Full speech is here: https://t.co/dx0QsiF4oe It is also available on Facebook Live on the @AtlantaFed site there.
2953,SteveMatthews35,2019-14-02 14:23:39,"@NatsLady @business @jeffkearns Redbook, MasterCard, Amazon -- there were lots of legitimate reports out there duri‚Ä¶ https://t.co/FeU5UQwQIr"
3001,SteveMatthews36,5/2/2019,"Thread ...

Though, offhand Google capital spending nearly doubled last year; Amazon is on track to nearly triple t‚Ä¶ https://t.co/G1Hc0fGB1v"
127,TDANetwork,9/1/2020,"After a record-breaking holiday-shipping season for Amazon, the retail giant is continuing its momentum into 2020.‚Ä¶ https://t.co/3AcMCsM5O5"
150,TDANetwork,8/1/2020,"Fulfillment + Devices = Amazon‚Äôs retail sector dominance

üë§ @LoupVentures‚Äô @ahmurphy evaluates what‚Äôs next for $AMZN:"
211,TDANetwork,2/1/2020,RT @TomWhite_TDAN: Apple $AAPL hits an All-time high of $300 today. #RSI now above 84 signaling overbought in the near-term. $SPX  $COMP an‚Ä¶
233,TDANetwork,2019-31-12 00:00:00,"#TDANYearInReview2019: Netflix, Disney, Streaming Wars üì∫‚öîÔ∏è

A number of winners will emerge out of the 2019 streami‚Ä¶ https://t.co/PCCd8hdtL2"
236,TDANetwork,2019-29-12 17:00:00,"#TDANYearInReview2019: Big Tech ‚û°Ô∏è $FB

Facebook‚Äôs costs are growing much faster than its revenue, says Needham‚Äôs L‚Ä¶ https://t.co/bP3GOSiJvJ"
239,TDANetwork,2019-27-12 22:00:00,"#TDANYearInReview2019: Netflix, Disney, Streaming Wars üì∫

From mail-delivered DVD‚Äôs to a streaming content king üëë,‚Ä¶ https://t.co/CcM9F7uRCK"
240,TDANetwork,2019-26-12 23:03:00,"#TDANYearInReview2019: Big Tech ‚û°Ô∏è $AAPL

@Wedbush‚Äôs Dan Ives explains how @Apple CEO Tim Cook‚Äôs leadership really‚Ä¶ https://t.co/rhByQc4MqX"
257,TDANetwork,2019-20-12 19:05:47,".@Sarge986's idea for @Apple CEO @tim_cook ‚û°Ô∏è $VIAB.

Along with his outlook on $AAPL, Guilfoyle shared notes on‚Ä¶ https://t.co/GDKEjnhANI"
273,TDANetwork,2019-19-12 19:23:46,"‚≠êÔ∏è Stock spotlight: $NFLX ‚≠êÔ∏è

#TheWatchList ‚û°Ô∏è @ReachTVNetwork CEO @Lynnwoodbibbens evaluates Netflix‚Äôs place in th‚Ä¶ https://t.co/EvcBS6NPMv"
297,TDANetwork,2019-18-12 19:02:33,"‚öîÔ∏èThe streaming wars continue‚öîÔ∏è

How much is the launch of Disney+ going to affect Netflix going forward? @observer‚Ä¶ https://t.co/1NTW50cKcz"
411,TDANetwork,10/12/2019,.@jasonlware on Home Depot: ‚ÄúIt‚Äôs just one of those businesses that is really hard for Amazon to unseat given the n‚Ä¶ https://t.co/AE44X8G9nk
513,TDANetwork,2019-29-11 17:12:18,"Amazon‚û°Ô∏è'Rewriting the book on Black Friday'
Sears‚û°Ô∏è'The gift that keeps on giving'

As @jimdion evaluates‚Ä¶ https://t.co/EMA5q6m4TY"
515,TDANetwork,2019-29-11 15:04:19,The Black Friday of July? @cfraresearch‚Äôs Camilla Yanushevsky says Amazon‚Äôs #PrimeDay is one of the reasons why Bla‚Ä¶ https://t.co/98AnsvNpJU
627,TDANetwork,2019-19-11 18:57:45,"‚ÄúI think there is a day of reckoning coming for Google, Facebook, Microsoft, and Amazon.‚Äù

Roger McNamee (‚Ä¶ https://t.co/ZOyGFnb2kK"
631,TDANetwork,2019-19-11 17:05:00,"#ICYMI: Investing in big tech üî•

After launching the first FAANG+ index-linked ETN, @sacheychek chats with‚Ä¶ https://t.co/0mEOq56M6O"
666,TDANetwork,2019-15-11 16:29:19,RT @NPetallides: #DANIVES CALLED APPLE $300 on #thewatchlist  ! (He was officially at $265 at that time ) it was a huge call during our dis‚Ä¶
668,TDANetwork,2019-15-11 15:55:04,"Warren Buffet is taking profits on @Apple, is now the time for you consider doing the same? ü§î

#InsideOut: @TFNN‚Äôs‚Ä¶ https://t.co/SIOcaqhm01"
812,TDANetwork,1/11/2019,"RT @Daniel_Rubino: Will be on @TDANetwork in the next 5-10 minutes or so talk about that Fitbit üíò Google deal that happened today. 

üëáüèº
htt‚Ä¶"
884,TDANetwork,2019-28-10 18:05:00,"Trick or treat: $AAPL earnings Wednesday üçé

Come bob for all the #Apple coverage on the TD Ameritrade Network"
886,TDANetwork,2019-28-10 17:25:20,RT @TomWhite_TDAN: Google/Alphabet $GOOG  $GOOGL hitting All-time highs heading into earnings after the close.  Option Mkt pricing in a +/-‚Ä¶
916,TDANetwork,2019-24-10 20:13:01,"‚Äú#FAANG is back‚Äù says @kevinolearytv.

O'Leary broke down what's behind big tech's run and revealed why he feels ‚Äút‚Ä¶ https://t.co/9kkm6MR765"
990,TDANetwork,2019-18-10 18:50:00,"Goldman Sachs referred to the #AppleCard as the ‚Äúmost successful card launch ever,‚Äù but @MatthewSchulz isn‚Äôt quite‚Ä¶ https://t.co/NwdYzPPzIA"
1006,TDANetwork,2019-17-10 18:24:29,"‚Äú@disneyplus is going to out-Netflix Netflix.‚Äù - @IFeinseth

Feinseth sees competition as a problem for $NFLX, yet‚Ä¶ https://t.co/HzKEmaK49M"
1013,TDANetwork,2019-17-10 15:52:27,"The $NFLX earnings beat is an illusion, says @NewConstructs‚Äô @sammcbride19.

With @Netflix subscriber growth slowin‚Ä¶ https://t.co/1TnfpL3ACU"
1016,TDANetwork,2019-17-10 14:14:44,"Are #FAANG stocks passing the baton from high growth to more value?

Dan Morgan of @Synovus weighs in:"
1244,TDANetwork,2019-27-09 20:51:46,"Happy 21st birthday, @Google!

The #FAANG week finale: @synovus‚Äô Dan Morgan chats with @NPetallides about the poten‚Ä¶ https://t.co/VkNFUDx9hr"
1258,TDANetwork,2019-27-09 14:30:10,".@robertherjavec tells @NPetallides about @HerjavecGroup‚Äôs partnership with @Google Chronicle, and delves into the‚Ä¶ https://t.co/Cj3m9NCMLG"
1262,TDANetwork,2019-27-09 12:49:47,"#ICYMI: Three down, two to go for #MarketOnClose #FAANGWeek!

It‚Äôs been a rough ride for $NFLX of late, but is it t‚Ä¶ https://t.co/WVlos0Ogmd"
1269,TDANetwork,2019-26-09 17:12:05,RT @GerberKawasaki: Hitting up @TDANetwork to talk about Tesla Disney and Netflix. I‚Äôll be giving my thoughts on these growth names. Tune i‚Ä¶
1277,TDANetwork,2019-25-09 20:46:26,"#FAANG week rolls on with $AMZN!

@ahmurphy of @LoupVentures and @NPetallides walk through @amazon‚Äôs new product of‚Ä¶ https://t.co/lG7XYCXcNZ"
1293,TDANetwork,2019-24-09 20:54:37,"#FAANG week continues!

With a new iPhone, Apple Watch upgrades, and the Apple + launch on the horizon, Bert Herzog‚Ä¶ https://t.co/kyKDHnUpTb"
1304,TDANetwork,2019-24-09 16:20:01,"RT @J_B_Horne: Nearly 1 million @Apple store ratings for $NKE's Run Club App - and if you're a runner... this app is the best, bar none. ER‚Ä¶"
1309,TDANetwork,2019-23-09 20:53:50,"It‚Äôs #FAANG week on #MarketOnClose!

@NPetallides kicked it off with $FB and @MorningstarInc‚Äôs Ali Mogharabi, who g‚Ä¶ https://t.co/tRxmiq4AlE"
1336,TDANetwork,2019-20-09 15:23:14,"‚ÄúA downtrend is a downtrend and I think Netflix is undeniably in one of those.‚Äù

Is $NFLX starting to look like‚Ä¶ https://t.co/G7dU8zuObe"
1349,TDANetwork,2019-19-09 15:08:59,".@DollarEagle research has shown weakening demand for the iPhone 11 after last week‚Äôs #AppleEvent, but the announce‚Ä¶ https://t.co/5UrAidiAfN"
1411,TDANetwork,2019-13-09 18:24:19,"üó£Ô∏è‚Äú[Amazon's] a bit of a freight train and I don‚Äôt see it stopping.‚Äù

What‚Äôs in store for retailers as the holiday‚Ä¶ https://t.co/ZOKiPOyjkw"
1443,TDANetwork,10/9/2019,"Big picture: What did today‚Äôs #AppleEvent do for $AAPL?

‚ÄúNothing today changes the trajectory they‚Äôre on‚Äìwhich is‚Ä¶ https://t.co/XYMD2BiWnm"
1444,TDANetwork,10/9/2019,"üì± The #AppleEvent has produced a new iPad, #iPhone11, and official pricing for #AppleTVPlus.

üçî McDonald‚Äôs acquired‚Ä¶ https://t.co/Ll4xICXVIw"
1450,TDANetwork,10/9/2019,RT @MichaelFNunez: Getting ready to talk about $AAPL and the #AppleEvent on @TDANetwork with @NPetallides https://t.co/mK0BrH0DLD
1474,TDANetwork,6/9/2019,‚ÄúThose are two examples of retailers that are continuing to knock the cover off the ball. They are ‚Äúun-Amazonable‚Äù‚Ä¶ https://t.co/hZ51GiUkrs
1476,TDANetwork,6/9/2019,"CASHTAGS: You can debate whether pineapple belongs on a üçï, but you can't debate this @LikeFolio $DPZ sentiment outl‚Ä¶ https://t.co/SlPAa0AjEG"
1572,TDANetwork,2019-26-08 18:19:24,"Issues like data security, privacy, and the trade war have hurt FAANG stocks over the last year, but for @MaxFWolff‚Ä¶ https://t.co/BqBPJpLSUl"
1612,TDANetwork,2019-21-08 18:41:30,"'Apple is basically taking credit cards and once again making them mainstream.'

#Apple launched the #AppleCard yes‚Ä¶ https://t.co/sLUvTCfoXo"
1619,TDANetwork,2019-20-08 21:06:54,"With the #AppleCard today and #AppleTVPlus set to launch in November, is this push into services going to be fruitf‚Ä¶ https://t.co/6aPiGuMuTP"
1643,TDANetwork,2019-19-08 15:06:21,‚ÄúThe problem for Netflix is that its priced like this extreme high-growth stock and it‚Äôs about to run into a great‚Ä¶ https://t.co/bm1qV668zl
1707,TDANetwork,12/8/2019,"He's back on the Facebook bike. üö≤

@AlBk2Comodities buys in the money October $FB calls with #TheMorningTrade."
1849,TDANetwork,2019-31-07 18:26:44,"Food, water, and $AAPL stock.

@Wedbush‚Äôs Dan Ives presented a bull case for Apple following yesterday‚Äôs earnings b‚Ä¶ https://t.co/8oTanGRSd7"
1882,TDANetwork,2019-29-07 20:30:00,"With declining revenue sales in 2019, Apple is looking to rebound in Tuesday‚Äôs Q3 #earnings. Will the recent acquis‚Ä¶ https://t.co/XWdLeWQaVk"
1885,TDANetwork,2019-29-07 17:52:52,‚ÄúDisney‚Äôs executing wonderfully‚Ä¶they‚Äôre stacking their library with content that #Netflix won‚Äôt get to‚Ä¶I am looking‚Ä¶ https://t.co/lAvmFpylM1
1897,TDANetwork,2019-26-07 18:24:21,"RT @NPetallides: EVERY DAY !!!! See you Monday, Get the awesome easy APP form the @Apple App Store...  @TDANetwork @Nasdaq 1-2 PM ET every‚Ä¶"
1932,TDANetwork,2019-24-07 18:24:40,"RT @MikeMcKerr_TDA: Talking w/ @OJRenick about the latest news on big tech‚Äôs anti-trust probe, the FAANGs, and what the options markets may‚Ä¶"
1999,TDANetwork,2019-18-07 19:08:38,RT @lifewiretech: Lifewire Editor-in-Chief @LanceUlanoff discusses Netflix's subscriber decline. https://t.co/ke1jHJrpJq
2007,TDANetwork,2019-18-07 14:39:11,An influx of competitors such as $DIS and $AMZN spelled doom for Netflix in Q2. But with historically strong Q3 con‚Ä¶ https://t.co/IfB4uqMFSh
2010,TDANetwork,2019-17-07 20:12:21,"RT @SLewicky_TDA: Netflix getting crushed, down $42 and taking down Nasdaq w/it!
Paid membership grew by by 2.7M vs 5M est  $NFLX #ES_F htt‚Ä¶"
2020,TDANetwork,2019-17-07 15:52:12,"RT @mebrantley2: Original Content is driving Netflix viewership and subscription retention...

But STILL sad to see The Office and Friends‚Ä¶"
2082,TDANetwork,10/7/2019,‚ÄúI think this is one of the big box retailers that has been able to compete against Amazon and win.‚Äù‚Ä¶ https://t.co/7aApU9BeGE
2083,TDANetwork,10/7/2019,"As we close in on #AmazonPrimeDay, retailers are gearing up for an epic gross margin battle. So how will consumer d‚Ä¶ https://t.co/lrTNu1nMBf"
2176,TDANetwork,2019-29-06 21:48:08,"üî•#TDAMarketDrive Panel: #Cryptocurrencyüî•
 
‚ÄúYou went from Netscape to Yahoo to Google, now what‚Äôs next? From an inv‚Ä¶ https://t.co/7bcPS24Qfe"
2297,TDANetwork,2019-17-06 18:42:38,"#TheWatchList with @NPetallides:

üí≥¬†@amazon announced its new ‚ÄúCredit Builder' card. @wisebread‚Äôs @janetonthemoney‚Ä¶ https://t.co/QbdM8ARosB"
2316,TDANetwork,2019-14-06 13:41:03,"#ICYMI: Talking #FAANG today with @Sheridanoptions, specifically $NFLX and the range-bound approach.

With $DIS com‚Ä¶ https://t.co/x1nqtqhloD"
2393,TDANetwork,7/6/2019,RT @AlexCoffey_TDA: Really strong day for the $FAANG names... $NYFANG / $FNG_F up over 2.25% $FB $AMZN $AAPL are all up over 2.5% outpacing‚Ä¶
2402,TDANetwork,6/6/2019,#CutTheCord: Facebook $FB launching #crypto project ‚ÄúGlobalCoin‚Äù üëÄ https://t.co/HjBKJiIzdo
2451,TDANetwork,2019-31-05 20:53:41,RT @jasonlware: Had a lot of fun being on @TDANetwork earlier today talking #FAANG stocks with ever venerable @NPetallides. Great segment.‚Ä¶
2468,TDANetwork,2019-29-05 20:24:57,"#MarketOnClose: @kevinolearytv on accelerating selloff in üá®üá≥ tech, #FAANG &amp; stock rally w/ @OJRenick https://t.co/H7qb5abQcO"
2470,TDANetwork,2019-29-05 19:36:11,"'The most dominant form of technology business in the modern-day economy,' isn't #FAANG, but rather #FAMGA says‚Ä¶ https://t.co/d88qMlswyG"
2612,TDANetwork,2019-15-05 16:29:11,RT @landonswan: $AMZN needs to watch out! $WMT and $TGT are fighting for 2nd place and cutting into Amazon's online shopping lead. Not sure‚Ä¶
2752,TDANetwork,2019-30-04 18:40:37,"$AAPL + $LYFT = ü§î

‚ÄúApple has lost the share of home from the consumer‚Ä¶I think [Lyft] could be one strategic way to‚Ä¶ https://t.co/cGXeQZC1sM"
2768,TDANetwork,2019-29-04 15:10:21,RT @ChrisJVersace: Talking $AMZN $WMT $TGT and the retail fallout to be had as @amazon leverages @q_amazonwebserv and embraces 1-day shippi‚Ä¶
2805,TDANetwork,2019-24-04 21:26:00,"$AMZN earnings on Thursday: Can the stock keep delivering for investors?

üì¶ Tune in to the TD Ameritrade Network for prime Amazon coverage."
2814,TDANetwork,2019-24-04 15:24:35,#TechnicalAnalysis: Facebook $FB earnings preview üìàüìâ https://t.co/ggreOyfhi2
2819,TDANetwork,2019-23-04 20:43:46,Big day for Kohl‚Äôs: Pro4ma CEO Liz Dunn on what the Amazon deal does for $KSS: https://t.co/nVmw7f3Z7o
2825,TDANetwork,2019-23-04 17:15:09,"üö®üö®Facebook earnings tomorrowüö®üö®

@KevinHincks_TDA will place an example trade on $FB at 11AM ET. Tune in! https://t.co/vXYubqL4eb"
2871,TDANetwork,2019-16-04 20:47:10,Netflix $NFLX earnings recap with @CFRAResearch‚Äôs Tuna Amobi https://t.co/r6MVAcpsda
2887,TDANetwork,2019-15-04 18:02:02,"The market is treating Disney+ vs. Netflix like a binary choice. But is it one? 
 
@J_B_Horne @KevinHincks_TDA‚Ä¶ https://t.co/R0vVqsYNFc"
2891,TDANetwork,2019-15-04 16:14:51,"Apple and Disney have no chill. With Netflix reporting earnings tomorrow, will these new streaming rivals impact‚Ä¶ https://t.co/GSu6385If1"
2936,TDANetwork,11/4/2019,"Report: @AppleMusic U.S. subscriber count overtakes @Spotify. 

Watch #FastMarket at 11:30 AM ET to find out what t‚Ä¶ https://t.co/2Fe6JVQPLT"
2969,TDANetwork,8/4/2019,RT @EmpireStartups: Founder @JonZanoff talks #IoT and #Apple card @Barclays and more w/ @NPetallides @TDANetwork https://t.co/4uAcggW9VS
2980,TDANetwork,5/4/2019,"Streaming Wars: Amazon vs. Roku vs. Apple

üèÖ Find out which company has the potential to win 'all the ribbons'.‚Ä¶ https://t.co/NznsBAvXZ3"
3036,TDANetwork,2019-29-03 16:23:22,"RT @ev3lynbaker: $AAPL says paying off credit card debt will be easier with #AppleCard, but how will they cater to people with existing deb‚Ä¶"
3037,TDANetwork,2019-29-03 15:57:12,"RT @mebrantley2: The Apple Card had the highest demand out of the new product announcements this week....

If executed well, Apple hits 2 b‚Ä¶"
3038,TDANetwork,2019-29-03 15:36:44,New Apple products: @LikeFolio evaluates $AAPL with social sentiment data üì± https://t.co/XlyCYm2T6M
3044,TDANetwork,2019-28-03 18:07:18,"'The chart of $AAPL looks just like the $QQQ's, looks just like the $SPX ... if Apple could hold $184 and clears $1‚Ä¶ https://t.co/DzTaoau73Q"
3102,TDANetwork,2019-25-03 19:37:21,#AppleEvent: @Techonomy's @JamesCakmak says Apple is building a direct connection between content suppliers and con‚Ä¶ https://t.co/3KpylodWer
3106,TDANetwork,2019-25-03 17:31:52,üëáüëá UP NEXT: @jwangARK talking $AAPL and its latest innovation #AppleEvent https://t.co/V3pPvMrNbw
3133,TDANetwork,2019-22-03 15:33:28,Facebook profile: @mebrantley2 evaluates $FB social sentiment using @LikeFolio data üëçüëé https://t.co/tW1AY0EXGp
3137,TDANetwork,2019-21-03 20:21:50,$AAPL now ‚ÄúStrong Buy‚Äù according to Needham. Laura Martin gets to the core of the Apple upgrade: https://t.co/768axbrSGr
3170,TDANetwork,2019-15-03 20:30:51,WATCH: @DanielTNiles profiles Facebook‚Äôs $FB rough week https://t.co/rIkMtVaJGw
604,PDonovan_econ,2017-29-08 22:44:29,RT @KatherinaOlivia: ü§© 4 Nobel Laureates.1000 students.Your questions. This Wednesday(30th) #CantBeGoogled #NobelPerspectives Watch live  h‚Ä¶
76,johnauthers,2019-31-12 18:12:46,"The 2010s saw Carlos Slim lose the title of world's richest man, in a big way. Long Amazon/Short America Movil made‚Ä¶ https://t.co/OCnWmbwIlL"
221,johnauthers,10/12/2019,Google searches for the word 'recession' have dwindled dramatically. Those who remember 2008 should not be reassure‚Ä¶ https://t.co/oq0VxMTaCC
223,johnauthers,10/12/2019,"RT @mbrookerhk: Google searches for the word 'recession' have dwindled dramatically. Those who remember 2008 should not be reassured, @john‚Ä¶"
258,johnauthers,6/12/2019,@dpinsen It's late on a Friday and I tweeted the page that came up when I tried to Google for more information. I'v‚Ä¶ https://t.co/UknSlEDmrH
320,johnauthers,2019-26-11 01:12:34,RT @EsferaMustallar: 'It is popular to attribute U.S. strength to the ‚ÄúFAANG‚Äù...it is possible to argue that U.S. outperformance is structu‚Ä¶
361,johnauthers,2019-18-11 19:33:08,Fair point. Maybe I shouldn't have recommended that people buy from Amazon a book that inveighs against weak antitr‚Ä¶ https://t.co/vsnrwzQZpM
61,Riholtzwealth,2020-13-01 13:01:05,"10 Monday AM Reads

Barry's back-to-work reads include: seven threats facing wealthy families, Facebook's big PR pr‚Ä¶ https://t.co/RNaTWN5C8z"
63,Riholtzwealth,2020-13-01 02:00:10,"The Future of Book Publishing

'I expect Amazon to continue its dominance and gain an even stronger foothold in the‚Ä¶ https://t.co/Vg0udtKvzy"
87,Riholtzwealth,9/1/2020,Apple has sold more than 2 billion iPhones since Steve Jobs introduced it at MacWorld in 2007. In today's Market Mo‚Ä¶ https://t.co/88KRuVLzWQ
139,Riholtzwealth,4/1/2020,"10 Weekend Reads

Barry's longer form weekend reads include: chronicling the end of monoculture, a look at Amazon's‚Ä¶ https://t.co/kfHN1ahbOh"
189,Riholtzwealth,2019-29-12 20:45:01,"Sunday links: Amazon's no-good PR year, why startups are going to slow funding consumer surpluses and the big impac‚Ä¶ https://t.co/awYB6fHEUY"
254,Riholtzwealth,2019-20-12 12:00:23,"Today in market history, 1996: 

NeXT merges with Apple Computer, leading to the development of the groundbreaking‚Ä¶ https://t.co/fUtkJN8329"
295,Riholtzwealth,2019-16-12 13:00:21,"10 Monday AM Reads

Barry's back-to-work reads today include: the decade of Netflix, the coming decade for iBuyers‚Ä¶ https://t.co/nvmhOHOSXU"
312,Riholtzwealth,2019-13-12 21:15:02,"Friday links: fund manager creativity, Apple's growing wearables business and the coming ubiquity of fractional-sha‚Ä¶ https://t.co/jYjdzJiSb0"
318,Riholtzwealth,12/12/2019,"Thursday links: looking ahead at the 2020s, assessing the state of the 'Apple Tax' and the inevitability of further‚Ä¶ https://t.co/FvaQW5oY8z"
319,Riholtzwealth,12/12/2019,39 years ago Apple Computer went public. Apple is currently the country's largest company by market cap. In today's‚Ä¶ https://t.co/oVSA3fqgRO
333,Riholtzwealth,11/12/2019,"Today in market history, 1980: 

The Apple IPO is banned by Massachusetts state securities regulators for being ove‚Ä¶ https://t.co/hmpSQ2MzHx"
394,Riholtzwealth,4/12/2019,"Wednesday links: lies portfolio managers tell, Google's third era and the changing Christmas tree business.‚Ä¶ https://t.co/P8coy32aNr"
410,Riholtzwealth,3/12/2019,What do the AMC Pacer and Apple iPhone have in common? Unique design. In today's Market Moment @abnormalreturns loo‚Ä¶ https://t.co/xwtxgdNdP3
417,Riholtzwealth,2/12/2019,"Some Perspectives on E-Commerce

'Yes, E-commerce is growing quickly, with half of the increase coming from Amazon.‚Ä¶ https://t.co/oU6xP6NX5I"
430,Riholtzwealth,1/12/2019,"10 Sunday Reads

Barry's policy-focused reads this week include: Amazon's influence on modern life, five universal‚Ä¶ https://t.co/Tbrk5qPPTq"
463,Riholtzwealth,2019-26-11 21:15:02,"Tuesday links: gurus vs. experts, 1998 vs. 2019 and Amazon vs. the rest of retail.

https://t.co/Rd7d7KtCVq

by‚Ä¶ https://t.co/Uv6pVqxZBX"
492,Riholtzwealth,2019-23-11 13:30:02,"Longform links: the emotional side of owning a house, how Google tweaks its search algorithm and the ongoing, illeg‚Ä¶ https://t.co/F3j4eCvLyi"
507,Riholtzwealth,2019-21-11 21:15:06,"Thursday links: avoiding complexity, Amazon's grocery experiments and the myth of the eight-hour workday.‚Ä¶ https://t.co/FMGTo094T3"
523,Riholtzwealth,2019-19-11 21:15:08,"Tuesday links: the Google tax on startups, how inflation inequality works and why you will never regret spending mo‚Ä¶ https://t.co/9L0P9uOwAn"
524,Riholtzwealth,2019-19-11 16:00:33,"Back in 2007, Amazon, 'Earth's biggest bookstore,' introduced the Kindle e-book reader. In today's Market Moment,‚Ä¶ https://t.co/7RrrVZOg0O"
549,Riholtzwealth,2019-16-11 13:00:32,"10 Weekend Reads

Barry's longer form weekend reads include: the common plots of economic history, how Google tweak‚Ä¶ https://t.co/nPYP9yXs19"
621,Riholtzwealth,8/11/2019,"Friday links: China vs. Hong Kong, Visa vs. Mastercard and Apple vs. Disney.

https://t.co/zqjK2GXrBY

by‚Ä¶ https://t.co/R11JLc5nX8"
624,Riholtzwealth,8/11/2019,"10 Friday AM Reads

Barry's end-of-the-workweek reads include: a look at Google's dominant ad machine, estimating t‚Ä¶ https://t.co/Hy1KbRZ6CO"
643,Riholtzwealth,5/11/2019,"Tuesday links:  behaviorally sound asset allocation, putting Microsoft and Apple into perspective and upped climate‚Ä¶ https://t.co/EhGOtXmmZu"
648,Riholtzwealth,5/11/2019,It's hard to overestimate the impact of Google buying Android. In today's Market Moment @abnormalreturns looks at A‚Ä¶ https://t.co/jYvtilwvu0
652,Riholtzwealth,5/11/2019,"Today in market history, 2007:

Google unveiled its Android operating system. The OS was initially developed by And‚Ä¶ https://t.co/IfsPUa2GGM"
668,Riholtzwealth,3/11/2019,"Sunday links: a bad year for pot stocks, a good year for Apple and what it takes to manage a Waffle House.‚Ä¶ https://t.co/iXELHp6FZT"
681,Riholtzwealth,1/11/2019,"Happy Birthday, Tim Cook! @Jonathan_Novy on how Cook has led Apple in a post-Steve Jobs world.

Join thousands of i‚Ä¶ https://t.co/h9tKO1jMSl"
751,Riholtzwealth,2019-23-10 20:15:05,"Wednesday links: a sentiment divergence, the inexorable spread of AI and what the new Cosmic Crisp apples tells us‚Ä¶ https://t.co/ENRHzy8SZz"
780,Riholtzwealth,2019-21-10 00:00:17,"Netflix vs. Blockbuster

'The winners always appear pre-destined in hindsight, but a lot of things had to go right‚Ä¶ https://t.co/guZ4FMY4RY"
783,Riholtzwealth,2019-20-10 13:15:02,"These Are The Goods

Michael's favorite reads from the past week include: the inexorable rise of Amazon, losers in‚Ä¶ https://t.co/QqPY6tpikd"
845,Riholtzwealth,12/10/2019,"Longform links: Amazon's inexorable rise, Erie, Pennsylvania's slow decline and trying to understand the 'free ener‚Ä¶ https://t.co/bhaJ4nDzcS"
847,Riholtzwealth,11/10/2019,"Friday links: living through drawdowns, Netflix's many challenges and how to avoid burnout at work.‚Ä¶ https://t.co/pPogJ0InAr"
851,Riholtzwealth,11/10/2019,"10 Friday AM Reads

Barry's end-of-the-week reads include: how economists got it wrong, Apple's China problem and w‚Ä¶ https://t.co/8EItwcHhb8"
869,Riholtzwealth,9/10/2019,"Today in market history, 2006:

Google announces the purchase of YouTube for $1.65 billion in stock. YouTube had of‚Ä¶ https://t.co/3bSiFHk0N9"
906,Riholtzwealth,5/10/2019,"Today in market history, 2011: 

Steve Jobs, Apple co-founder, dies from complications from pancreatic cancer. From‚Ä¶ https://t.co/I95eQHBp2D"
949,Riholtzwealth,2019-30-09 15:00:17,In 2014 Amazon filed for a patent for an autonomous UAV for its Amazon Prime Air delivery system. @ritholtz looks a‚Ä¶ https://t.co/mDaPoWNdv7
992,Riholtzwealth,2019-25-09 12:38:39,"10 Wednesday AM Reads

Barry's mid-week reads today include: a repo update, the marketplace for ideas and Facebook'‚Ä¶ https://t.co/8AKKbD4Os9"
999,Riholtzwealth,2019-24-09 12:01:01,"10 Tuesday AM Reads

Barry's two-for-Tuesday morning reads include: a vintage car bear market, Amazon's relentless‚Ä¶ https://t.co/xC5L9lzsx9"
1036,Riholtzwealth,2019-19-09 20:15:02,"Thursday links: betting on human ingenuity, tough times for hedge fund marketers and Netflix's endgame.‚Ä¶ https://t.co/zBXBUV1Wfj"
1074,Riholtzwealth,2019-16-09 11:00:52,"Today in market history, 1997: 

Apple Computer Inc formally names co-founder Steve Jobs interim CEO. Jobs returned‚Ä¶ https://t.co/pNWmn1HsIW"
1180,Riholtzwealth,3/9/2019,"10 Tuesday AM Reads

Barry's two-for-Tuesday morning reads include: smoothed private equity returns, Amazon's shipp‚Ä¶ https://t.co/JHF4DVIUas"
1187,Riholtzwealth,2/9/2019,"10 Labor Day Reads

Barry's 'unofficial last day of summer' reads include: trouble in the farm economy, Amazon's la‚Ä¶ https://t.co/hucN1EZwvl"
1212,Riholtzwealth,2019-29-08 13:00:44,"The Rise of Amazon

'You hear a lot of companies say we‚Äôre ‚ÄúUber, but for,‚Äù or we‚Äôre ‚Äúthe Netflix of.‚Äù You rarely h‚Ä¶ https://t.co/wifB4IywGW"
1213,Riholtzwealth,2019-29-08 11:00:17,"Today in market history, 1997:

Netflix is launched as an internet DVD rental service. In 2000 Blockbuster passed o‚Ä¶ https://t.co/nsGlVKkVe5"
1289,Riholtzwealth,2019-19-08 20:15:05,"Monday links: corporate bond trading, Amazon's 'Top Brands' and being overqualified jobs.

https://t.co/p1e3GaEpca‚Ä¶ https://t.co/xzVb5TZqoo"
1291,Riholtzwealth,2019-19-08 16:00:51,"How Google's 2004 IPO stands out from the pack. @ritholtz with the story.

Make your smart speaker smarter: enable‚Ä¶ https://t.co/76n7vnWPHn"
1294,Riholtzwealth,2019-19-08 11:00:18,"Today in market history, 2004:

Google's IPO took place via modified Dutch auction. A total of 19,605,052 shares we‚Ä¶ https://t.co/2HTrEn25Si"
1306,Riholtzwealth,2019-17-08 12:00:23,"10 Weekend Reads

Some of Barry's longer form reads include: YouTube's challenges, unhappy Googlers and the uninten‚Ä¶ https://t.co/LiJjwBJtHn"
1339,Riholtzwealth,2019-13-08 20:15:01,"Tuesday links: DCF decisions, the Apple Card's TAM and the rise of 'sonic branding.' 

https://t.co/9RBnpZ5kCx

by‚Ä¶ https://t.co/7sO4F8h4KS"
1351,Riholtzwealth,12/8/2019,"10 Monday AM Reads

Some back-to-work morning train reads including: Zillow's transformation, Netflix's growing com‚Ä¶ https://t.co/HfOY5IhKEo"
1363,Riholtzwealth,10/8/2019,"Today in market history, 2015:  

Google incorporates a new holding company called Alphabet. Modeled after Berkshir‚Ä¶ https://t.co/45THEajGlm"
1393,Riholtzwealth,6/8/2019,"On this day in market history, 1997:

Microsoft Corp. invested $150 million in a nonvoting stake in Apple Computer.‚Ä¶ https://t.co/z1jTBWDg03"
1426,Riholtzwealth,2/8/2019,"Friday links: record high consumer confidence, Netflix's cash flow situation and six reasons we make bad decisions.‚Ä¶ https://t.co/Bav8t0YqOK"
1428,Riholtzwealth,2/8/2019,"RT @Jonathan_Novy: On year ago today, Apple hit a trillion in market cap.

Get this free daily Alexa Flash Briefing:  https://t.co/H6zRhLRs‚Ä¶"
1431,Riholtzwealth,2/8/2019,"Today in market history, 2018:

Apple Inc. became the first company in history to exceed $1 trillion in market capi‚Ä¶ https://t.co/CNVSwT3XIK"
1453,Riholtzwealth,2019-31-07 13:08:00,"RT @BullandBaird: Noobwhale used so much on the Animal Spirits podcast that if you google it, you see Mike and Ben

@awealthofcs @michaelba‚Ä¶"
1467,Riholtzwealth,2019-29-07 12:00:12,"Monday Morning Reads

This morning Barry is looking at: Amazon's retail strategy, Twitter's monetization plans and‚Ä¶ https://t.co/vgsemm135v"
1544,Riholtzwealth,2019-19-07 12:10:01,"Friday Morning Reads

Barry's links this AM include: Amazon's biggest research project, why history gets stuff wron‚Ä¶ https://t.co/tpfNT8eAmq"
1547,Riholtzwealth,2019-18-07 20:15:05,"Thursday links: optimistic investors, Netflix's competition and the happiest profession in America.‚Ä¶ https://t.co/EncAuFAU3o"
1591,Riholtzwealth,8/7/2019,"OUTSIDE VOICES

'Share buybacks are as American as mom, apple pie and hot dogs on the Fourth of July. You‚Äôd never g‚Ä¶ https://t.co/gE0AJlRh4m"
1646,Riholtzwealth,2019-30-06 11:00:16,"Today in market history, 2007:

Apple Inc. releases its first mobile phone, the iPhone. It was unveiled by Steve Jo‚Ä¶ https://t.co/tT7W02yTlb"
1673,Riholtzwealth,2019-26-06 12:00:31,"Worldwide Traffic: Top 10 Websites 

There's Google and Facebook and everyone else...

https://t.co/x6sBEN0bSQ‚Ä¶ https://t.co/MxgDgGIBcL"
1680,Riholtzwealth,2019-25-06 13:00:34,"Unlimited Upside

'Investors are forever searching for the next Apple, Amazon, or Netflix, perhaps without understa‚Ä¶ https://t.co/hLnudaXR0x"
1699,Riholtzwealth,2019-22-06 13:00:09,"10 Weekend Reads

Barry's weekend links include: exposed rock riffs, a dead humpback whale and fake Google Maps lis‚Ä¶ https://t.co/JSpkWcEGEw"
1753,Riholtzwealth,2019-16-06 15:05:02,"Sunday links: the ongoing IPO surge, Facebook's crypto push and the problem of too many 'zombie companies.'‚Ä¶ https://t.co/KFo7BNi7Id"
1789,Riholtzwealth,11/6/2019,"Tuesday links: time in the market vs. timing the market, Amazon's growing brand value and asking if non-transparent‚Ä¶ https://t.co/x3t8yJgUJ8"
1803,Riholtzwealth,10/6/2019,"Today in market history, 1977: 

Apple Computer ships its first Apple II computers. The Apple II marks Apple's laun‚Ä¶ https://t.co/IozJJcxpdA"
1809,Riholtzwealth,9/6/2019,"10 Sunday Reads

This morning Barry notes: JP Morgan's hot streak. Apple's audacity and you know, Drake.‚Ä¶ https://t.co/W3cvshu8Rq"
1825,Riholtzwealth,6/6/2019,"Thursday links: the challenge of front-tests, Google's weak spot and the downside of global tourism.‚Ä¶ https://t.co/Ej5l3gXQCc"
1853,Riholtzwealth,4/6/2019,"Amazon.Bomb (May 31, 1999)

'Anytime some company is said to be ‚Äúthe next Amazon‚Äù (Apple or Microsoft), keep in min‚Ä¶ https://t.co/kWmeaiL6Vc"
1879,Riholtzwealth,2019-31-05 20:15:02,"Friday links: judging Apple, Bing bounces back and why you need to wear a watch. 

https://t.co/AM8n84HfHU

by‚Ä¶ https://t.co/jRXzkE5G08"
1936,Riholtzwealth,2019-24-05 18:30:08,"Friday links: permission to hold some cash, Apple failing to read the room and falling farm incomes.‚Ä¶ https://t.co/eBfmVdWFgp"
1947,Riholtzwealth,2019-23-05 11:00:03,"Today in market history, 2002: 

Netflix raises $82.5 million in its IPO, with a total valuation of $300 million. T‚Ä¶ https://t.co/OgORNaMmsj"
1975,Riholtzwealth,2019-19-05 11:00:08,"Today in market history, 2001: 

Apple, Inc. opened its first retail stores, in Tysons Corner, Va., and Glendale, C‚Ä¶ https://t.co/RkEJC2bAh3"
1979,Riholtzwealth,2019-17-05 20:15:07,"Friday links: ongoing quant pain, Facebook's talent problem and a slew of ETF charts. 

https://t.co/M0mjvUn3Zb

by‚Ä¶ https://t.co/2RmESU7giL"
1997,Riholtzwealth,2019-15-05 11:00:03,"Today in market history, 1997:

Amazon comes public at $18 per share with $15 million in annual revenue and $5.75 m‚Ä¶ https://t.co/YqYDmPvdv4"
2071,Riholtzwealth,6/5/2019,"MARKET MOMENT

The hit NBC show 'Friends' went off the air 15 years ago but streaming giant Netflix is still paying‚Ä¶ https://t.co/YEpvySLFC1"
2072,Riholtzwealth,6/5/2019,"Today in market history, 2004:

The final first-run episode of 'Friends' aired on NBC. In December 2018, Netflix re‚Ä¶ https://t.co/5PryOZIPhl"
2125,Riholtzwealth,2019-29-04 14:44:14,"The Compound Show is now available wherever fine podcasts are streamed

Google Play: 
https://t.co/fEi0nXlp2o

iTun‚Ä¶ https://t.co/Q2c1vhezGI"
2183,Riholtzwealth,2019-21-04 13:00:38,"10 Sunday Reads

An oral history of Apple‚Äôs Infinite Loop and more...

https://t.co/Oqj6YoPpTW

by @ritholtz https://t.co/XRw6qN6dzY"
2244,Riholtzwealth,12/4/2019,"Friday links: Disney vs Netflix, Uber vs. Lyft and gamblers vs. the house. 

https://t.co/QysHELy6ff 

by‚Ä¶ https://t.co/d0Lsolvfke"
2257,Riholtzwealth,11/4/2019,"Today in market history, 1976: 

Steve Wozniak released the hand-built Apple 1, for $666.66. Steve Jobs convinced h‚Ä¶ https://t.co/wJq1zFyVr1"
2330,Riholtzwealth,3/4/2019,"Animal Spirits: Netflix for Financial Planning

This week @michaelbatnick and @awealthofcs discuss the sorry state‚Ä¶ https://t.co/ufkucKatKq"
2331,Riholtzwealth,3/4/2019,"Today in market history, 2010: 

The Apple iPad goes on sale. The iPad was the first Apple device to use an Apple-d‚Ä¶ https://t.co/SyfLQ9f473"
2336,Riholtzwealth,2/4/2019,"Should You Sign-Up for a Netflix-Like Financial Subscription?

'Subscription programs directly contradict false bro‚Ä¶ https://t.co/U5rYsn84ST"
2343,Riholtzwealth,1/4/2019,"Today in market history, 2004:

Google Inc. announced Gmail, a free, consumer e-mail service to compete with offeri‚Ä¶ https://t.co/JpfylZpZJd"
2354,Riholtzwealth,2019-30-03 12:00:25,"Longform links: explaining Amazon, processing pain and how social media is isolating us and ruining our memories.‚Ä¶ https://t.co/DXDqmhp9uG"
2360,Riholtzwealth,2019-29-03 13:00:27,"Podcast links: four sources of alpha, why following your passion is bad advice and how Facebook ran off the rails.‚Ä¶ https://t.co/sOFddcYYfA"
2379,Riholtzwealth,2019-26-03 20:15:05,"Tuesday links: generational buying opportunities, Apple's creative malaise and overcrowded meetings.‚Ä¶ https://t.co/sVDpagGA42"
2406,Riholtzwealth,2019-23-03 15:00:20,"These Are the Goods

What exactly is 'Amazon'? This and more...

https://t.co/iGdpFwkELt

by @michaelbatnick https://t.co/SR1q3EH4kw"
2412,Riholtzwealth,2019-22-03 13:00:17,"Podcast links: Netflix's unique corporate culture, how to nurture crazy ideas and networking for non-networkers.‚Ä¶ https://t.co/6gW4P5kjni"
2460,Riholtzwealth,2019-14-03 20:15:02,"Thursday links: 20 crazy market facts, Amazon's glut of PhD economists and the most influential books written by ac‚Ä¶ https://t.co/SApiiyktp8"
2500,Riholtzwealth,8/3/2019,"Podcast links: a Netflix for podcasts, the Canadian weed experience and the upside of misfits at work.‚Ä¶ https://t.co/oSXJQBRJtC"
2593,Riholtzwealth,2019-23-02 20:45:01,"Saturday links: the challenge of going plastic-free, the popularity of the PopSocket and how Netflix is shrinking t‚Ä¶ https://t.co/tVhmKvlh8t"
2627,Riholtzwealth,2019-19-02 12:00:20,"Today in market history, 2014: 

Facebook said it will pay $19 billion in cash and stock to buy WhatsApp, a mobile‚Ä¶ https://t.co/SaJnXeXMGM"
2691,Riholtzwealth,9/2/2019,"Longform links: Facebook at 15, StockX's effect on sneaker culture and how 'Office Space' changed the world of work‚Ä¶ https://t.co/T7954qaeZt"
2708,Riholtzwealth,7/2/2019,"Today in market history, 1997: 

NeXT merges with Apple Computer, starting the path to Mac OS X and most importantl‚Ä¶ https://t.co/gDR4R8I1DW"
2734,Riholtzwealth,4/2/2019,"Today in market history, 2004:

Facebook (FB), a mainstream online social networking site, is founded by Mark Zucke‚Ä¶ https://t.co/pHvy8LjmVN"
2782,Riholtzwealth,2019-27-01 12:00:26,"Today in market history, 2010: 

Apple CEO Steve Jobs unveiled the iPad tablet computer during a presentation in Sa‚Ä¶ https://t.co/SMEwiyN7E1"
2783,Riholtzwealth,2019-26-01 13:00:18,"Longform links: where Facebook went wrong, gaming Glassdoor ratings and the uncertain future for football.‚Ä¶ https://t.co/WZlD2Yx7n4"
2839,Riholtzwealth,2019-17-01 21:15:04,"Thursday links: Jack Bogle remembered, Amazon's power in the book business and why perfection is the enemy of self-‚Ä¶ https://t.co/yztX4fEQe7"
2885,Riholtzwealth,12/1/2019,"OUTSIDE VOICES

'Amazon, at less than 3% of the total value of all U.S. stocks, is a minnow alongside the leviathan‚Ä¶ https://t.co/VNpPGI8v50"
2913,Riholtzwealth,8/1/2019,"Tuesday links: the price of greed, bulging triple B credits and Apple's unit economics.

post:‚Ä¶ https://t.co/ZdqKPoGM25"
2923,Riholtzwealth,7/1/2019,"Monday links: three big Apple strategic mistakes, five ETF trends for 2019 and re-thinking Bitcoin security.

post:‚Ä¶ https://t.co/sjp9VEV9un"
2943,Riholtzwealth,4/1/2019,"Friday links: big Apple drawdowns, ego masquerading as confidence and RIP, Herb Kelleher.

post:‚Ä¶ https://t.co/eg6EOSwbGw"
2965,Riholtzwealth,1/1/2019,"Tuesday (New Year) links: systems vs. goals, Netflix's really big year and the limits of willpower. 

post:‚Ä¶ https://t.co/SEjR4JBTkJ"
